,Average Weekly Wage,Date
0,757,2002-01-01
1,782,2003-01-01
2,819,2004-01-01
3,853,2005-01-01
4,888,2006-01-01
5,928,2007-01-01
6,953,2008-01-01
7,973,2009-01-01
8,995,2010-01-01
9,1019,2011-01-01
10,1039,2012-01-01
11,1039,2013-01-01
12,1065,2014-01-01
13,1100,2015-01-01
14,1117,2016-01-01
15,1146,2017-01-01
16,1176,2018-01-01
17,1211,2019-01-01
18,1325,2020-01-01
19,1379,2021-01-01
20,1417,2022-01-01
