,Inflation Rate,Date
0,2.4,2002-01-01
1,1.4,2003-01-01
2,1.8,2004-01-01
3,2.2,2005-01-01
4,2.5,2006-01-01
5,2.3,2007-01-01
6,2.3,2008-01-01
7,1.7,2009-01-01
8,1,2010-01-01
9,1.7,2011-01-01
10,2.1,2012-01-01
11,1.8,2013-01-01
12,1.7,2014-01-01
13,1.8,2015-01-01
14,2.2,2016-01-01
15,1.8,2017-01-01
16,2.1,2018-01-01
17,2.2,2019-01-01
18,1.7,2020-01-01
19,3.6,2021-01-01
20,6.2,2022-01-01
21,4.8,2023-01-01
